id,Name,titleProject_id,class,score,login,password
0,Сербин Геннадий Михаилович,7,8в,2,Сербин_ГМ.,TesYPobZ
1,Папандина Клавдия Яковлевна,304,9в,5,Папандина_КЯ.,Lndf6yNx
2,Белагина Галина Андреевна,396,9а,4,Белагина_ГА.,5DirXVF4
3,Кижняева Анна Леонидовна,178,7и,2,Кижняева_АЛ.,uumwI9Y0
4,Цывин Олег Яковлевич,446,7т,2,Цывин_ОЯ.,PA5VDPf5
5,Жидняева Ксения Эдуардовна,373,7х,4,Жидняева_КЭ.,UoCL5i2S
6,Липковский Анатолий Иванович,144,10а,2,Липковский_АИ.,0g3sAAT4
7,Меднова Наталья Богдановна,290,7и,5,Меднова_НБ.,DgoDTy5B
8,Житихин Вячеслав Романович,141,9а,5,Житихин_ВР.,rTCZhcGx
9,Шеврина Полина Максимовна,33,11а,5,Шеврина_ПМ.,nGTSr46H
10,Алпеев Валентин Данилович,323,8а,2,Алпеев_ВД.,rGcw75zd
11,Золикова Клара Игоревна,364,10х,2,Золикова_КИ.,lsqAMgFc
12,Дориков Дмитрий Петрович,296,10г,5,Дориков_ДП.,bDXGlOuu
13,Корабышев Кирилл Михаилович,302,8и,5,Корабышев_КМ.,zpXWnBpV
14,Ростовиков Константин Николаевич,336,10а,2,Ростовиков_КН.,a4G9l8uy
15,Нехаев Дмитрий Фёдорович,129,7х,4,Нехаев_ДФ.,iUBeUyuL
16,Зызлова Мария Николаевна,430,8г,3,Зызлова_МН.,dwmoYtrs
17,Королупов Валерий Тимофеевич,397,10д,5,Королупов_ВТ.,B1C696ua
18,Стенцов Евгений Яковлевич,315,8и,4,Стенцов_ЕЯ.,aivze1mu
19,Феклисов Константин Виталиевич,270,9т,None,Феклисов_КВ.,EPiIo5Lr
20,Синелев Руслан Тимофеевич,300,8и,2,Синелев_РТ.,G5mWetOE
21,Опевалова Вера Евгеньевна,473,9д,5,Опевалова_ВЕ.,RMCEd2gv
22,Назерова Вероника Василевна,206,7б,5,Назерова_ВВ.,SV9yCMz0
23,Дименская Светлана Дмитриевна,387,9д,5,Дименская_СД.,KA3MaXFa
24,Ковторева Раиса Василевна,482,9и,2,Ковторева_РВ.,e4jMyeNr
25,Кулишнин Вячеслав Яковлевич,386,11х,5,Кулишнин_ВЯ.,JKk4Qqap
26,Лексин Кирилл Антонович,139,7в,5,Лексин_КА.,wiSmhu0v
27,Лаковский Григорий Василиевич,240,7д,5,Лаковский_ГВ.,J6J7oERm
28,Барамыкова Александра Алексеевна,106,10а,3,Барамыкова_АА.,WwyxW2aQ
29,Плясулина Оксана Андреевна,346,8х,2,Плясулина_ОА.,mTfOef7z
30,Петрикеев Станислав Яковлевич,14,7и,4,Петрикеев_СЯ.,aL9sagZt
31,Моторыгин Илья Георгиевич,238,10и,5,Моторыгин_ИГ.,vhvhWSXM
32,Рыков Тарас Павлович,174,10и,5,Рыков_ТП.,v0wqBU1t
33,Иончикова Елизавета Егоровна,169,8д,5,Иончикова_ЕЕ.,9Ygox2Xk
34,Смолькина Алиса Егоровна,441,7г,5,Смолькина_АЕ.,XC9hwmmj
35,Оболенин Герасим Павлович,472,7и,4,Оболенин_ГП.,6gOwg3Tj
36,Трощинский Георгий Борисович,67,9д,3,Трощинский_ГБ.,khaZdSjt
37,Поддубская Лиза Игоревна,496,10а,4,Поддубская_ЛИ.,gd1D3ijB
38,Телькова Валерия Олеговна,335,7х,4,Телькова_ВО.,Vwtc79xt
39,Чигварина Александра Алексеевна,428,10б,2,Чигварина_АА.,N2Hdb7KT
40,Киреевский Артур Игоревич,119,7в,3,Киреевский_АИ.,0jd2MaK9
41,Шумейкин Роман Павлович,420,8в,5,Шумейкин_РП.,NBcS2KJu
42,Трушинов Максим Алексиевич,82,8и,4,Трушинов_МА.,ZEfS1coB
43,Голюков Денис Сергеевич,62,11б,4,Голюков_ДС.,ScegvWX2
44,Хлиманкова Надежда Валерьевна,461,10б,3,Хлиманкова_НВ.,jro43zgJ
45,Кулаженков Алексей Олегович,367,10в,2,Кулаженков_АО.,alL9FVGY
46,Бутукин Владимир Адамович,221,7х,5,Бутукин_ВА.,IJpdXKub
47,Поддуев Леонид Олегович,149,9х,4,Поддуев_ЛО.,e6s59XFR
48,Ревцев Василий Павлович,360,9х,5,Ревцев_ВП.,monRKYTL
49,Старокожев Артём Юрьевич,46,8д,3,Старокожев_АЮ.,eNShW49F
50,Светошев Максим Михаилович,321,10х,2,Светошев_ММ.,ADwFLVjY
51,Старынина Кристина Федоровна,266,9д,3,Старынина_КФ.,rtDLw3f2
52,Востров Дмитрий Денисович,282,9г,3,Востров_ДД.,pFCLXVj9
53,Бураханова Анастасия Леонидовна,16,8г,2,Бураханова_АЛ.,dbvLgOJq
54,Понизов Виктор Кириллович,214,11и,5,Понизов_ВК.,BZdym7cY
55,Суздалев Валерий Алексеевич,66,11т,5,Суздалев_ВА.,lR6Mq2Py
56,Колендин Дмитрий Алексеевич,153,10в,4,Колендин_ДА.,bZ9O7jro
57,Сулькова Екатерина Андреевна,325,8и,4,Сулькова_ЕА.,BCHYjNCY
58,Аржевитова Надежда Федоровна,242,10в,2,Аржевитова_НФ.,ZQomShAd
59,Крассов Валерий Олегович,201,8х,5,Крассов_ВО.,xcrt12ws
60,Сонураева Инна Андреевна,450,9т,3,Сонураева_ИА.,jOZEW7yp
61,Пашин Роман Вадимович,204,10д,2,Пашин_РВ.,2wtWA0Xv
62,Фичкина Евгения Федоровна,29,11д,3,Фичкина_ЕФ.,M33Iguvz
63,Свилин Олег Виталиевич,123,8в,2,Свилин_ОВ.,NvOJJ8UG
64,Рогоцкий Андрей Адамович,142,9в,2,Рогоцкий_АА.,Uvgls3JI
65,Ахантьев Игорь Валериевич,80,10д,5,Ахантьев_ИВ.,km1IMFQ6
66,Сочиникова Ксения Кирилловна,100,10д,2,Сочиникова_КК.,zT4qVKvr
67,Остюков Артур Романович,329,11и,3,Остюков_АР.,UausGnca
68,Брюкина Оксана Викторовна,98,8в,5,Брюкина_ОВ.,RQi6JeBp
69,Кузовенков Игорь Юрьевич,322,9г,None,Кузовенков_ИЮ.,wp8INYeK
70,Калухов Тарас Иванович,207,11а,3,Калухов_ТИ.,dFN28IcH
71,Батыров Пётр Виталиевич,227,7и,3,Батыров_ПВ.,2jd9Dr47
72,Озрина Катерина Валерьевна,147,10а,4,Озрина_КВ.,n2LazHQ2
73,Декалова Полина Леонидовна,470,11д,5,Декалова_ПЛ.,2OXu2hHU
74,Лосицкий Владимир Кириллович,369,9т,5,Лосицкий_ВК.,gw1sap01
75,Магнусов Пётр Максимович,437,7и,5,Магнусов_ПМ.,2sEYpMQM
76,Лавренков Михаил Василиевич,188,9б,2,Лавренков_МВ.,X9uFSX2Y
77,Шушкалова Вероника Алексеевна,411,8т,5,Шушкалова_ВА.,M9aE5rIB
78,Бороданова Маргарита Дмитриевна,118,7г,5,Бороданова_МД.,w21ZBEMT
79,Циркина Виолетта Федоровна,231,9г,2,Циркина_ВФ.,prtFbUr0
80,Болохина Екатерина Андреевна,194,11д,3,Болохина_ЕА.,qlZS7k9M
81,Чукалова Дарья Валерьевна,20,10г,4,Чукалова_ДВ.,h8jhoY9r
82,Беловолов Степан Петрович,222,9д,2,Беловолов_СП.,wNifSvsJ
83,Зудейкина Вероника Ивановна,166,8и,3,Зудейкина_ВИ.,Uc1DBiUs
84,Макунова Мария Борисовна,47,9в,5,Макунова_МБ.,8xmaeQqc
85,Верзанский Геннадий Андреевич,497,7д,5,Верзанский_ГА.,P8ojxeTr
86,Алтубин Ярослав Леонидович,414,10г,5,Алтубин_ЯЛ.,2FzgxgNX
87,Аузин Игорь Алексиевич,435,8х,5,Аузин_ИА.,UxAH7Om9
88,Калыгин Степан Тимофеевич,353,8и,2,Калыгин_СТ.,l0yTCkb5
89,Дурныгина Полина Игоревна,72,8и,2,Дурныгина_ПИ.,YlBXXpq4
90,Антюфеева Александра Вадимовна,347,8и,2,Антюфеева_АВ.,gdR27Q2p
91,Лощинский Борис Романович,210,10б,3,Лощинский_БР.,K3rJm9WO
92,Ходорков Евгений Виталиевич,344,9г,5,Ходорков_ЕВ.,XXazFL1U
93,Кафорин Федор Данилович,427,10д,3,Кафорин_ФД.,7pIdWhbp
94,Косынская Алиса Дмитриевна,40,9в,3,Косынская_АД.,6Uxm3rdT
95,Беремцев Артём Антонович,434,11т,2,Беремцев_АА.,mIeV1Ex3
96,Влянская Мария Андреевна,490,7т,4,Влянская_МА.,m475uvaX
97,Мыгеева Лиза Василевна,280,8в,5,Мыгеева_ЛВ.,7qPYbRE2
98,Акутникова Мария Алексеевна,173,11в,2,Акутникова_МА.,CVbFw3tf
99,Карябкин Константин Максимович,89,7и,2,Карябкин_КМ.,vAdosFD8
100,Прилепина Яна Максимовна,30,10в,5,Прилепина_ЯМ.,XLdgnGpB
101,Ведищев Никита Георгиевич,365,7и,5,Ведищев_НГ.,fLTKBKXV
102,Самчева Вероника Борисовна,287,10г,3,Самчева_ВБ.,QerF9Xe8
103,Пирцхалова Карина Леонидовна,452,10г,5,Пирцхалова_КЛ.,dcLvMVtl
104,Павлочев Денис Борисович,432,11д,5,Павлочев_ДБ.,rZXFJgS3
105,Арашкова Екатерина Евгеньевна,356,8х,None,Арашкова_ЕЕ.,fcTFg1HR
106,Байсарова Людмила Василевна,215,11и,2,Байсарова_ЛВ.,vHRMUaxj
107,Кудекина Зинаида Игоревна,250,10и,3,Кудекина_ЗИ.,DRRyEabw
108,Дерналов Виталий Викторович,1,9г,4,Дерналов_ВВ.,RfZRE6NV
109,Сазинова Галина Романовна,61,9и,3,Сазинова_ГР.,PFpa5sQz
110,Остаченова Марина Эдуардовна,229,9т,5,Остаченова_МЭ.,kk0s8Nf6
111,Битюкова Яна Егоровна,488,9и,4,Битюкова_ЯЕ.,pGwcrazW
112,Иваницкий Константин Борисович,232,8д,5,Иваницкий_КБ.,i4mWw1rd
113,Белянский Владислав Игоревич,74,11б,5,Белянский_ВИ.,l2LMuDW5
114,Баранкин Артём Алексеевич,382,9т,2,Баранкин_АА.,F1iDrfoS
115,Шкабанова Софья Вадимовна,499,9х,4,Шкабанова_СВ.,Br4ZhBz4
116,Полозлов Денис Адамович,155,8т,3,Полозлов_ДА.,5c6oyDEV
117,Жунина Светлана Михайловна,162,8в,3,Жунина_СМ.,VoHkvdTB
118,Пантыкин Борис Игоревич,245,9х,2,Пантыкин_БИ.,1X1RVQEu
119,Доутова Марина Богдановна,189,11х,2,Доутова_МБ.,h42T9fLS
120,Трещалова Яна Андреевна,330,8б,3,Трещалова_ЯА.,dcfy5D9M
121,Ивашечкин Александр Данилович,390,10т,4,Ивашечкин_АД.,E8OxbZpO
122,Мазьянова Инна Богдановна,416,11в,4,Мазьянова_ИБ.,4gUXhiYG
123,Корогев Николай Евгеньевич,184,8б,5,Корогев_НЕ.,uBW1ZXo4
124,Заидова Галина Максимовна,88,9т,4,Заидова_ГМ.,KS9WQWBs
125,Рамхин Кирилл Алексиевич,459,9х,4,Рамхин_КА.,7bxv6EQl
126,Кизбабаев Эдуард Фёдорович,415,11т,2,Кизбабаев_ЭФ.,FFtPI3oA
127,Соурчаков Ярослав Валериевич,268,8б,2,Соурчаков_ЯВ.,VgE0bCVl
128,Мотяшева Алена Михайловна,404,7т,2,Мотяшева_АМ.,Qwh9vSEM
129,Горшкова Наталия Яковлевна,340,11а,2,Горшкова_НЯ.,kFYRFkjK
130,Зябрицкий Игорь Виталиевич,332,7а,5,Зябрицкий_ИВ.,lecDYUi7
131,Шельдяев Игорь Юриевич,97,7д,5,Шельдяев_ИЮ.,p3heF5e2
132,Шмелькин Максим Викторович,483,9т,5,Шмелькин_МВ.,P2J9Y8Wr
133,Жалкин Алексей Алексеевич,43,7а,3,Жалкин_АА.,iAuPoRui
134,Худасов Денис Максимович,70,10д,2,Худасов_ДМ.,GuUD4kyP
135,Швичкова Наталья Эдуардовна,398,7г,4,Швичкова_НЭ.,FaCtPtGq
136,Едская Жанна Валерьевна,436,11в,4,Едская_ЖВ.,My2eTdFq
137,Поморзина Полина Евгеньевна,122,7д,4,Поморзина_ПЕ.,WpKKGPbH
138,Будачева Кира Олеговна,55,11х,4,Будачева_КО.,WihnSdxY
139,Молкаев Василий Валериевич,216,8д,2,Молкаев_ВВ.,K2ow7k6S
140,Яцынин Константин Тимофеевич,285,7г,2,Яцынин_КТ.,gDdI9TaE
141,Маховиков Василий Петрович,391,7х,4,Маховиков_ВП.,32xOpQhG
142,Шаметова Евгения Вадимовна,463,7а,2,Шаметова_ЕВ.,9reEzLyh
143,Законнова Жанна Евгеньевна,442,11и,None,Законнова_ЖЕ.,xaeBSckB
144,Перчихин Аркадий Тимофеевич,164,10т,3,Перчихин_АТ.,SUzyclp7
145,Бурдасова Ксения Игоревна,203,9а,3,Бурдасова_КИ.,wYj68oYJ
146,Киссин Степан Иванович,251,7х,5,Киссин_СИ.,4zJZXAP7
147,Вапилина Мария Егоровна,77,7д,2,Вапилина_МЕ.,qaGDXyXS
148,Сигутина Дарья Федоровна,458,7б,2,Сигутина_ДФ.,ArdB4ciw
149,Сошьяков Альберт Фёдорович,17,7т,4,Сошьяков_АФ.,jEN9i8iM
150,Лугахина Клара Вадимовна,419,8в,4,Лугахина_КВ.,ZNnDCLdW
151,Логецкий Анатолий Виталиевич,372,11б,4,Логецкий_АВ.,RmpduT9h
152,Ковайкова Юлия Егоровна,75,10г,2,Ковайкова_ЮЕ.,WQ8FN0TJ
153,Вермутский Валерий Петрович,447,9и,5,Вермутский_ВП.,blXVXRgV
154,Россомахов Олег Юриевич,56,8в,2,Россомахов_ОЮ.,T7x6z4Kg
155,Циплакова Екатерина Егоровна,471,9б,5,Циплакова_ЕЕ.,OkNy2dPL
156,Квятцева Алла Никитична,138,11в,2,Квятцева_АН.,MYyhAfd3
157,Выхухолева Лариса Василевна,384,8б,5,Выхухолева_ЛВ.,d0uIgPVL
158,Целохов Андрей Вадимович,433,8и,5,Целохов_АВ.,c0C9ryDx
159,Бендин Иван Яковлевич,71,8и,4,Бендин_ИЯ.,Exo2AKP2
160,Лазученков Василий Алексеевич,381,7х,2,Лазученков_ВА.,nuc5D8HH
161,Скоропухов Михаил Василиевич,69,10и,3,Скоропухов_МВ.,TdFxqrEL
162,Мухонкин Тарас Романович,126,9и,4,Мухонкин_ТР.,afhv79yt
163,Камерцев Владимир Кириллович,303,7а,3,Камерцев_ВК.,jCFgTMZj
164,Сандрыкина Анна Олеговна,324,10т,2,Сандрыкина_АО.,t5l70VmN
165,Недбайлов Алексей Денисович,15,7т,2,Недбайлов_АД.,4HGOtjGO
166,Серпков Ярослав Георгиевич,380,10б,4,Серпков_ЯГ.,aCQWPSlc
167,Хатшуклов Аркадий Николаевич,42,11т,4,Хатшуклов_АН.,ykwoRttZ
168,Литвалиева Алиса Егоровна,10,11и,3,Литвалиева_АЕ.,RVD29MwO
169,Енесина Лиза Валерьевна,293,9б,5,Енесина_ЛВ.,KoLxy5W2
170,Пикальков Эдуард Алексиевич,21,8д,5,Пикальков_ЭА.,PvG5mVwc
171,Сачинский Валентин Кириллович,125,10т,2,Сачинский_ВК.,fppP8dos
172,Тарзанова Евгения Аркадьевна,96,9д,2,Тарзанова_ЕА.,j5q3ZpUe
173,Лапундин Юрий Игоревич,267,8и,5,Лапундин_ЮИ.,VUwGmhB1
174,Личева Лиза Михайловна,453,9б,3,Личева_ЛМ.,vnHqC8Nx
175,Смароверов Яков Борисович,131,11в,4,Смароверов_ЯБ.,1njL7lj9
176,Вереина Алла Василевна,295,10и,3,Вереина_АВ.,QQzyRIra
177,Погиблева Дарья Леонидовна,283,9в,5,Погиблева_ДЛ.,FmfB0EoA
178,Байнова Анастасия Вадимовна,363,7б,3,Байнова_АВ.,4Cat1or8
179,Шиловский Вячеслав Максимович,438,9и,4,Шиловский_ВМ.,bsgmdn48
180,Сыждиков Пётр Василиевич,494,11х,5,Сыждиков_ПВ.,B0HPCCK2
181,Каценова Алёна Эдуардовна,165,11т,2,Каценова_АЭ.,wFIzghJz
182,Мужицких Ева Олеговна,348,8х,3,Мужицких_ЕО.,DHabMcDr
183,Плеснецов Степан Юрьевич,22,10а,2,Плеснецов_СЮ.,LesMDqZV
184,Игумнова Алёна Сергеевна,114,9д,4,Игумнова_АС.,kAdq462R
185,Хадаров Владимир Валериевич,278,11т,5,Хадаров_ВВ.,l9Qil7Fm
186,Ступакова Кира Ивановна,421,8и,3,Ступакова_КИ.,t2khTkAI
187,Шоленинов Федор Максимович,286,11т,4,Шоленинов_ФМ.,vztp9obL
188,Гундаров Руслан Николаевич,158,9д,4,Гундаров_РН.,32Ni4Uml
189,Гречишева Марина Андреевна,464,7д,2,Гречишева_МА.,qTXwpOpj
190,Утилова Алена Андреевна,253,11д,3,Утилова_АА.,iDCY3AQT
191,Роткичева Алиса Максимовна,410,10а,4,Роткичева_АМ.,gcwqMDyj
192,Колтышева Марина Вадимовна,87,11г,4,Колтышева_МВ.,AaNT4Gw2
193,Гурычева Лариса Валерьевна,489,9б,2,Гурычева_ЛВ.,HOTa70Cj
194,Горцева Кристина Никитична,246,8и,4,Горцева_КН.,H2jAMpoA
195,Кутурин Геннадий Денисович,197,9в,2,Кутурин_ГД.,UvH1ADk2
196,Стефанков Яков Евгеньевич,318,10г,3,Стефанков_ЯЕ.,Ii7ZF3CO
197,Множина Людмила Василевна,90,8б,2,Множина_ЛВ.,thhP9GNs
198,Семисалов Георгий Иванович,316,9в,3,Семисалов_ГИ.,7DLrUGcw
199,Рогалов Альберт Валериевич,327,9б,2,Рогалов_АВ.,BOYmndbk
200,Черетаева Анастасия Олеговна,341,9б,2,Черетаева_АО.,vBvlLOPQ
201,Радоминова Любовь Игоревна,25,9и,5,Радоминова_ЛИ.,R01f65Ob
202,Шувырина Лиза Андреевна,395,9а,5,Шувырина_ЛА.,7ZZ7B1cl
203,Калиженков Семён Алексеевич,401,11а,4,Калиженков_СА.,GLSVTTv5
204,Старокашин Константин Петрович,309,10а,3,Старокашин_КП.,tcRQxGJ3
205,Малтоцов Аркадий Яковлевич,218,8а,3,Малтоцов_АЯ.,WaG58PSw
206,Кузеванова Ева Егоровна,116,7д,2,Кузеванова_ЕЕ.,VeDy3pR6
207,Нурулина Алёна Егоровна,284,9х,2,Нурулина_АЕ.,INRLSWoG
208,Лератов Герасим Сергеевич,374,10а,4,Лератов_ГС.,9B79eMel
209,Людин Руслан Аркадиевич,498,7и,3,Людин_РА.,7UfkAP6Q
210,Пурин Виктор Данилович,154,8и,5,Пурин_ВД.,1xznWaOa
211,Лютов Виктор Юрьевич,288,11г,2,Лютов_ВЮ.,PrZuAzzg
212,Марюшкина Яна Федоровна,345,10д,5,Марюшкина_ЯФ.,MUXQY3Ly
213,Томилова Кристина Михайловна,492,11б,3,Томилова_КМ.,DOLQTb3w
214,Дистерев Валерий Валериевич,24,7г,3,Дистерев_ВВ.,vy9YplWG
215,Дочкин Геннадий Алексиевич,52,11и,5,Дочкин_ГА.,IFbPlxIE
216,Иняхин Руслан Сергеевич,234,7и,5,Иняхин_РС.,qUDwg9zb
217,Знайкова Раиса Егоровна,148,11х,3,Знайкова_РЕ.,kNclDhX3
218,Кашавцев Аркадий Леонидович,58,7а,4,Кашавцев_АЛ.,8tBPf2mJ
219,Пятернина Кристина Андреевна,445,7и,2,Пятернина_КА.,EnLL9DZ9
220,Гусеева Карина Викторовна,263,9и,2,Гусеева_КВ.,DPJQKgGz
221,Кастева Яна Сергеевна,108,7и,2,Кастева_ЯС.,jA3Xq4aF
222,Гришанин Тарас Павлович,113,10т,2,Гришанин_ТП.,y6NBqXCe
223,Грамоткин Илья Викторович,195,8д,5,Грамоткин_ИВ.,U6VCBfPh
224,Мелисин Геннадий Василиевич,465,10г,2,Мелисин_ГВ.,utFV81tL
225,Цинина Светлана Яковлевна,105,11г,5,Цинина_СЯ.,VLCGu4mH
226,Петов Георгий Адамович,57,9а,2,Петов_ГА.,cxetzTT5
227,Реева Валентина Максимовна,146,11и,5,Реева_ВМ.,kYRPZhBU
228,Слесивых Мария Аркадьевна,35,7и,5,Слесивых_МА.,2CfjLBfZ
229,Афтаева Полина Ивановна,193,10д,5,Афтаева_ПИ.,RmP9SYIr
230,Кривицкий Валентин Виталиевич,208,8х,5,Кривицкий_ВВ.,GmNKdBxs
231,Чубатов Константин Леонидович,279,11а,4,Чубатов_КЛ.,mcPNpDvb
232,Партенков Геннадий Павлович,418,8х,3,Партенков_ГП.,jeEXAlOz
233,Черушев Григорий Борисович,84,7г,4,Черушев_ГБ.,sjIAkVQD
234,Тютекин Георгий Тимофеевич,262,7а,2,Тютекин_ГТ.,vGsy0OYB
235,Янкевский Вячеслав Адамович,167,11г,4,Янкевский_ВА.,FswUOb4q
236,Сухручкина Клавдия Аркадьевна,177,7в,4,Сухручкина_КА.,dn4HLxKP
237,Конофалова Клара Петровна,95,11д,5,Конофалова_КП.,q2UiKMxg
238,Лигасов Михаил Павлович,491,11г,4,Лигасов_МП.,i3fZnx96
239,Писарьков Альберт Игоревич,313,8в,4,Писарьков_АИ.,iKVuh9wu
240,Варов Кирилл Иванович,28,8а,5,Варов_КИ.,Tz3uPOni
241,Пурынов Евгений Петрович,244,9и,3,Пурынов_ЕП.,Rs8ZnRsd
242,Супрутская Вероника Викторовна,187,9а,2,Супрутская_ВВ.,1HhIMSYI
243,Скроцкая Алина Федоровна,127,8г,3,Скроцкая_АФ.,1xcTjdYj
244,Барадулин Вадим Юрьевич,281,11х,3,Барадулин_ВЮ.,rUJ7GFIx
245,Точилин Дмитрий Фёдорович,476,8а,2,Точилин_ДФ.,ssO3GrHX
246,Бикмуллин Руслан Валериевич,333,11т,2,Бикмуллин_РВ.,c4006Izh
247,Серпичев Василий Алексиевич,394,10х,5,Серпичев_ВА.,VBuLBO7i
248,Вострышев Яков Аркадиевич,343,8г,5,Вострышев_ЯА.,KXyKezFI
249,Грушчева София Евгеньевна,480,11в,None,Грушчева_СЕ.,O66y5LMv
250,Кулапов Александр Юрьевич,109,9б,5,Кулапов_АЮ.,xhe7nurd
251,Чибисенков Владислав Фёдорович,375,8х,3,Чибисенков_ВФ.,zEgErktg
252,Утилов Роман Василиевич,254,9х,2,Утилов_РВ.,RxAoZdAS
253,Татаурова Галина Федоровна,145,10т,4,Татаурова_ГФ.,V8UN2iV7
254,Визавитина Наталия Леонидовна,101,10г,2,Визавитина_НЛ.,U6C8xTFs
255,Мягченков Артём Денисович,115,7б,4,Мягченков_АД.,ylmT75vP
256,Брикова Инна Богдановна,256,9б,4,Брикова_ИБ.,wuDZ7wMM
257,Наторкин Валентин Данилович,319,7и,2,Наторкин_ВД.,EqIwhA3t
258,Эштрекова Софья Алексеевна,76,9в,3,Эштрекова_СА.,G5uaWlw3
259,Кутаманова Кира Андреевна,182,10т,2,Кутаманова_КА.,OHjsP684
260,Кыштымова Евгения Эдуардовна,255,8в,5,Кыштымова_ЕЭ.,iUKM59z5
261,Ккнязева Клавдия Дмитриевна,34,7б,5,Ккнязева_КД.,rln4qzQW
262,Глаголина Алиса Никитична,249,9д,2,Глаголина_АН.,r61tlOLm
263,Рисина Раиса Валерьевна,451,10а,4,Рисина_РВ.,WJ9QCmNP
264,Ребров Алексей Георгиевич,289,8и,3,Ребров_АГ.,9Wn7ILsk
265,Вырысалова Александра Евгеньевна,39,11и,2,Вырысалова_АЕ.,uqwdqk5L
266,Гомольский Владимир Юриевич,314,11х,5,Гомольский_ВЮ.,dSiipFZo
267,Швинова Марина Федоровна,271,8г,5,Швинова_МФ.,2hHllMsW
268,Рудковская Инна Дмитриевна,6,7т,3,Рудковская_ИД.,78p4UoFe
269,Решеткина Дарья Василевна,408,10и,3,Решеткина_ДВ.,VWJUL1c9
270,Евстихеев Игорь Василиевич,422,10х,5,Евстихеев_ИВ.,FM8FJWri
271,Лазарина Алёна Федоровна,161,8б,3,Лазарина_АФ.,tcFtWvLd
272,Гляченков Григорий Николаевич,431,10а,5,Гляченков_ГН.,fVkn5OEk
273,Чардынцева Алина Вадимовна,135,10д,3,Чардынцева_АВ.,r9uF2xPR
274,Скаредов Яков Иванович,337,9т,5,Скаредов_ЯИ.,LpUP6gUq
275,Юрицкий Эдуард Денисович,192,7д,3,Юрицкий_ЭД.,ydx9GWkf
276,Кравчина Светлана Аркадьевна,413,11г,5,Кравчина_СА.,hBYiTAmi
277,Чмареткова Полина Вадимовна,449,10а,2,Чмареткова_ПВ.,3qVliS2Q
278,Углова Галина Романовна,260,9г,3,Углова_ГР.,PzHiGMyq
279,Згуровская Виктория Андреевна,220,9т,4,Згуровская_ВА.,WlIx1Un2
280,Секерский Станислав Сергеевич,235,10а,4,Секерский_СС.,DlWL757V
281,Жевайкин Евгений Адамович,86,11г,3,Жевайкин_ЕА.,SnTHvGMe
282,Коточигов Семён Игоревич,26,9д,5,Коточигов_СИ.,XIkNxYKF
283,Калонин Альберт Денисович,297,8б,2,Калонин_АД.,lHVt0xgF
284,Валягин Григорий Антонович,94,10в,4,Валягин_ГА.,AitTy5Qy
285,Коцева Кристина Николаевна,412,9г,3,Коцева_КН.,srzlp9Em
286,Голина Кристина Максимовна,3,7х,3,Голина_КМ.,XQfN7gdt
287,Батрамеев Анатолий Романович,354,9х,3,Батрамеев_АР.,KZAJgNi0
288,Чикмарев Валентин Валериевич,306,9и,5,Чикмарев_ВВ.,FoDkjkRU
289,Киницына Валерия Олеговна,202,7х,4,Киницына_ВО.,tzWZnuUw
290,Числин Юрий Денисович,121,7в,2,Числин_ЮД.,TWCw0CRZ
291,Стебунова Юлия Романовна,358,9т,3,Стебунова_ЮР.,RYCnSLbZ
292,Кацов Павел Павлович,236,10г,5,Кацов_ПП.,uhxfBODI
293,Гоцев Тарас Викторович,41,8в,3,Гоцев_ТВ.,f9b07Rwu
294,Мотовицкий Роман Аркадиевич,31,11и,5,Мотовицкий_РА.,vTS7P4Ce
295,Чурзина Клара Егоровна,308,10б,3,Чурзина_КЕ.,S3L56gU8
296,Щепалкина Валерия Сергеевна,134,9б,4,Щепалкина_ВС.,L4BHbFYS
297,Утимишев Ярослав Игоревич,239,11а,3,Утимишев_ЯИ.,QtQ8wZCu
298,Алуханов Кирилл Фёдорович,298,7т,2,Алуханов_КФ.,PU4DWapt
299,Полунеев Валентин Валериевич,307,8и,2,Полунеев_ВВ.,0yrU3qaF
300,Крупенова Наталия Андреевна,209,7в,5,Крупенова_НА.,wxURibD6
301,Корнюшин Илья Юрьевич,44,10т,3,Корнюшин_ИЮ.,QNMQKkY7
302,Паушева Виолетта Никитична,310,8г,4,Паушева_ВН.,PjBjCSJV
303,Берзин Герасим Антонович,349,11т,5,Берзин_ГА.,aNmRhr1X
304,Шулунова Алла Алексеевна,54,7д,4,Шулунова_АА.,ZgC4TSWk
305,Трепашова София Яковлевна,399,11а,2,Трепашова_СЯ.,SqXCkbSb
306,Чумейкин Константин Антонович,8,8б,5,Чумейкин_КА.,z4AKzt2X
307,Польшиков Денис Игоревич,495,9и,2,Польшиков_ДИ.,l2Rx4wsM
308,Медоусова Жанна Романовна,252,7б,2,Медоусова_ЖР.,onMJ2F8M
309,Акуратова Клавдия Андреевна,92,9г,5,Акуратова_КА.,fEa63SR6
310,Курмеева Елизавета Валерьевна,486,8а,5,Курмеева_ЕВ.,i4gZE2H0
311,Бадов Александр Аркадиевич,217,10г,3,Бадов_АА.,Wc5XDUPg
312,Бакушин Эдуард Адамович,265,7б,5,Бакушин_ЭА.,zezg7BBG
313,Чебина Инна Сергеевна,273,10т,2,Чебина_ИС.,5afYUP4y
314,Подледнова Наталья Ивановна,112,11и,3,Подледнова_НИ.,4wzHcYTg
315,Садгеева Лиза Евгеньевна,460,11г,3,Садгеева_ЛЕ.,TCP8WC55
316,Акушин Борис Павлович,493,9т,2,Акушин_БП.,jYm1r80E
317,Аришев Руслан Кириллович,379,10т,3,Аришев_РК.,fxP2ZWi8
318,Гуслова Кристина Олеговна,389,9в,2,Гуслова_КО.,nhDomekM
319,Глоточкина Оксана Аркадьевна,370,9и,5,Глоточкина_ОА.,lCNlZxWJ
320,Шапина Маргарита Романовна,163,8б,5,Шапина_МР.,S4ZEiDT7
321,Дурылин Георгий Валериевич,261,11т,4,Дурылин_ГВ.,e15mIaCt
322,Болкисева Анна Викторовна,248,7х,4,Болкисева_АВ.,MS5IWZim
323,Багапов Вячеслав Сергеевич,99,7д,4,Багапов_ВС.,fzehkIT7
324,Люцарева Яна Аркадьевна,376,11б,2,Люцарева_ЯА.,DG8t5zbG
325,Боготынина София Егоровна,63,11б,5,Боготынина_СЕ.,gh6FzSB2
326,Саюшкин Игорь Алексиевич,211,11х,5,Саюшкин_ИА.,LCvV9FX7
327,Потешных Тамара Николаевна,468,11в,3,Потешных_ТН.,LfXTpS2r
328,Незлина Жанна Василевна,426,8б,5,Незлина_ЖВ.,5KXkmX09
329,Федичева Вероника Кирилловна,37,7х,4,Федичева_ВК.,2t06JMhe
330,Пустынкин Вадим Антонович,388,10в,5,Пустынкин_ВА.,pzlZJ74T
331,Аринакова Ирина Михайловна,150,8в,5,Аринакова_ИМ.,MxLld0tn
332,Обиралкова Мария Егоровна,294,11т,5,Обиралкова_МЕ.,7hrR6G5D
333,Аристарова Валентина Максимовна,443,11г,2,Аристарова_ВМ.,oGjU0XGF
334,Яуров Герасим Юрьевич,38,9а,5,Яуров_ГЮ.,SGAKyECO
335,Духонькин Вячеслав Фёдорович,2,9в,4,Духонькин_ВФ.,yT3KoArm
336,Гвасков Евгений Михаилович,402,9в,5,Гвасков_ЕМ.,pWjCeIfG
337,Жабынина Галина Николаевна,185,7х,5,Жабынина_ГН.,B7ntHxaS
338,Шерюкова Виолетта Романовна,440,9б,4,Шерюкова_ВР.,Mfpr9Fx1
339,Колокатов Пётр Евгеньевич,484,10в,3,Колокатов_ПЕ.,py03tw52
340,Шайдуков Андрей Михаилович,317,9и,4,Шайдуков_АМ.,qUz8hO3R
341,Смирнягина Дарья Игоревна,425,10в,4,Смирнягина_ДИ.,LnnvxYED
342,Штырева Ева Олеговна,258,11и,2,Штырева_ЕО.,QRgf7qsf
343,Ашукин Вячеслав Михаилович,191,10т,4,Ашукин_ВМ.,7jVEO7Ac
344,Рубченкова Галина Алексеевна,190,9в,3,Рубченкова_ГА.,sKs7wiEp
345,Зархин Иван Алексиевич,478,11и,5,Зархин_ИА.,wfgc7LYm
346,Адиотов Дмитрий Павлович,156,7б,3,Адиотов_ДП.,8AY8yC5O
347,Тищенкова Раиса Валерьевна,79,7д,3,Тищенкова_РВ.,kiS7OMiG
348,Лозеев Илья Петрович,205,10д,2,Лозеев_ИП.,u1F7VzM0
349,Кобяшов Герасим Михаилович,305,11т,2,Кобяшов_ГМ.,E4WJN5fL
350,Ронова Клавдия Валерьевна,107,7и,4,Ронова_КВ.,ROBhkgdU
351,Стрижнов Алексей Евгеньевич,385,11г,3,Стрижнов_АЕ.,76Ky5XJP
352,Волынский Алексей Виталиевич,362,11т,5,Волынский_АВ.,KAl4yosX
353,Машонский Василий Данилович,23,9д,5,Машонский_ВД.,HX1jNXvl
354,Буриева Зинаида Аркадьевна,104,11д,4,Буриева_ЗА.,jxBMHY9z
355,Борщина Алёна Ивановна,377,11а,5,Борщина_АИ.,O99mJwCW
356,Белчков Олег Иванович,275,10а,4,Белчков_ОИ.,T1916XE6
357,Остропиков Альберт Данилович,157,8г,2,Остропиков_АД.,Zscb5Yex
358,Оргонова Любовь Максимовна,264,7б,4,Оргонова_ЛМ.,vuWNO2VY
359,Мальков Юрий Евгеньевич,228,7г,3,Мальков_ЮЕ.,TrAgYiEI
360,Свльхова Наталья Вадимовна,160,9т,5,Свльхова_НВ.,8sscnVfD
361,Мякушков Герасим Леонидович,102,10т,3,Мякушков_ГЛ.,daU2ddGj
362,Межуев Георгий Юриевич,355,8г,4,Межуев_ГЮ.,JBDM8Skh
363,Чериншев Александр Сергеевич,439,8а,2,Чериншев_АС.,S6qbjKs2
364,Муниров Алексей Андреевич,117,11г,3,Муниров_АА.,IcuEfNTO
365,Климухин Руслан Романович,269,10в,3,Климухин_РР.,Yecaicfg
366,Дембская Екатерина Никитична,64,11б,4,Дембская_ЕН.,UyeZ3kuB
367,Тюнеев Яков Фёдорович,417,10т,2,Тюнеев_ЯФ.,doRqbFrT
368,Трушитин Антон Данилович,168,9х,3,Трушитин_АД.,VoAvUp7Q
369,Балакишиев Роман Алексиевич,143,11х,5,Балакишиев_РА.,YqsBcfE6
370,Немтюрева Валерия Аркадьевна,12,10г,4,Немтюрева_ВА.,2ftKjsEV
371,Складанова Клавдия Аркадьевна,257,9а,3,Складанова_КА.,HZk5Sz9g
372,Заходина Полина Леонидовна,93,10д,4,Заходина_ПЛ.,75m9BT08
373,Муринов Анатолий Борисович,171,11б,5,Муринов_АБ.,u3Mq8TqP
374,Гришалова Любовь Евгеньевна,301,8т,3,Гришалова_ЛЕ.,U4nrHUyM
375,Ситчихин Станислав Георгиевич,247,8т,5,Ситчихин_СГ.,MRN3wKEW
376,Просяных Георгий Василиевич,366,9в,2,Просяных_ГВ.,nOcZlBc8
377,Дзабиев Григорий Георгиевич,259,11д,5,Дзабиев_ГГ.,Ug0RXgIZ
378,Рыбаулин Григорий Алексеевич,140,11а,5,Рыбаулин_ГА.,hZ7PZc5y
379,Тупиева Екатерина Ивановна,400,7д,2,Тупиева_ЕИ.,sqono3Wr
380,Куверчева Алена Ивановна,170,10д,3,Куверчева_АИ.,NsNaPa8L
381,Цаблинова Виктория Богдановна,342,9г,4,Цаблинова_ВБ.,4hM77xWm
382,Синенков Григорий Леонидович,230,9в,5,Синенков_ГЛ.,hV8as5vZ
383,Лизункин Артур Олегович,4,11в,5,Лизункин_АО.,5lZYzlBB
384,Славущева Александра Эдуардовна,81,8а,5,Славущева_АЭ.,xAbaD6nV
385,Шахвердов Дмитрий Антонович,132,11б,2,Шахвердов_ДА.,HIsaqcSN
386,Рапацкая Ольга Ивановна,223,10г,3,Рапацкая_ОИ.,R9qqrEj2
387,Сторокожев Виталий Аркадиевич,159,9б,2,Сторокожев_ВА.,4nfWY75b
388,Половодов Кирилл Николаевич,18,8т,5,Половодов_КН.,08s2acvC
389,Халтанова Алена Дмитриевна,49,8б,3,Халтанова_АД.,1hkHWt1y
390,Заложнев Роман Фёдорович,448,8в,4,Заложнев_РФ.,p42B5wbr
391,Рыжих Кристина Аркадьевна,213,7а,4,Рыжих_КА.,GkcmteXq
392,Буров Руслан Игоревич,405,11и,5,Буров_РИ.,mnc9o5go
393,Гачков Виталий Евгеньевич,277,9т,4,Гачков_ВЕ.,avDeNbrO
394,Кадилов Геннадий Борисович,225,10в,3,Кадилов_ГБ.,bn6Mtxo0
395,Гликина Алёна Эдуардовна,454,9б,3,Гликина_АЭ.,Sk96wgmi
396,Ичкинина Любовь Андреевна,299,8г,5,Ичкинина_ЛА.,qdxNp9eG
397,Мозшорина Кира Дмитриевна,65,8б,3,Мозшорина_КД.,6X8BZzgk
398,Брижеватов Константин Борисович,152,11т,2,Брижеватов_КБ.,Fr0AcbRQ
399,Бучеров Тарас Викторович,429,10д,4,Бучеров_ТВ.,oxrnolEl
400,Мисютина Валерия Эдуардовна,368,9г,2,Мисютина_ВЭ.,kxyGOOV0
401,Льянов Федор Вадимович,328,8а,4,Льянов_ФВ.,rwSjMiDP
402,Щуркин Георгий Яковлевич,180,8в,4,Щуркин_ГЯ.,GyyqDWI4
403,Акулин Федор Адамович,241,10г,4,Акулин_ФА.,VyxPX0uI
404,Волженкова Екатерина Ивановна,233,9д,4,Волженкова_ЕИ.,P6nVUjlM
405,Махометова София Викторовна,424,8и,3,Махометова_СВ.,Jlm5I7ts
406,Зызлов Геннадий Антонович,274,7в,3,Зызлов_ГА.,Ro2Fg06p
407,Девляшова Кира Олеговна,51,11д,5,Девляшова_КО.,jjI75YAn
408,Яковкина Алена Никитична,320,9т,5,Яковкина_АН.,sRscq0Gh
409,Бузулев Вадим Николаевич,331,10д,3,Бузулев_ВН.,g3nhXLu1
410,Ганельский Юрий Юриевич,474,9д,3,Ганельский_ЮЮ.,qjjWgMUv
411,Шкапрова Ева Ивановна,371,7б,5,Шкапрова_ЕИ.,bBtwcyNN
412,Чичирин Владимир Георгиевич,11,10а,4,Чичирин_ВГ.,2N5M00A8
413,Шилова Надежда Викторовна,124,9б,2,Шилова_НВ.,F9gbunmd
414,Коваев Руслан Михаилович,487,9т,3,Коваев_РМ.,F30GUcDx
415,Саверина Надежда Андреевна,407,11б,4,Саверина_НА.,O5uH6MD3
416,Тишанкин Олег Адамович,334,9д,3,Тишанкин_ОА.,TJyK8TTB
417,Широпаев Валерий Сергеевич,406,9б,2,Широпаев_ВС.,J3HJXFea
418,Щепанин Олег Адамович,226,7а,3,Щепанин_ОА.,5tKzt7cc
419,Оплетин Владислав Аркадиевич,361,10х,4,Оплетин_ВА.,IyI3xYHw
420,Оденова Карина Андреевна,409,8и,4,Оденова_КА.,MRVApatW
421,Семагин Альберт Андреевич,456,10х,4,Семагин_АА.,AQHhWDd2
422,Черданцева Анастасия Олеговна,128,8х,3,Черданцева_АО.,PcraAEWR
423,Лонцова Елизавета Эдуардовна,224,7х,3,Лонцова_ЕЭ.,KPv2bFV6
424,Сарсекеева Алёна Никитична,462,11и,4,Сарсекеева_АН.,f48jnsHD
425,Аковецкий Антон Евгеньевич,500,8б,4,Аковецкий_АЕ.,eSw8KR3Y
426,Аратский Станислав Борисович,351,9и,2,Аратский_СБ.,amKnV4Wg
427,Чужриков Пётр Денисович,200,9в,3,Чужриков_ПД.,PTExxZRl
428,Никитшин Алексей Кириллович,111,11и,3,Никитшин_АК.,gbXLPdmH
429,Симендяев Василий Алексиевич,45,8д,4,Симендяев_ВА.,hHW47kzZ
430,Ошитков Максим Сергеевич,151,10г,4,Ошитков_МС.,vT2CgyES
431,Юрасов Евгений Романович,338,9и,3,Юрасов_ЕР.,ask8FvyQ
432,Головяшин Павел Юриевич,179,7г,5,Головяшин_ПЮ.,l9NwjYOz
433,Манжурина Екатерина Сергеевна,219,7т,3,Манжурина_ЕС.,TappGadz
434,Никурашин Олег Евгеньевич,291,11х,2,Никурашин_ОЕ.,siYemeiB
435,Бехтерев Федор Вадимович,137,9х,3,Бехтерев_ФВ.,LPjeAIwe
436,Годлевская Катерина Дмитриевна,403,11г,3,Годлевская_КД.,aMSOtQBp
437,Акиярова Алина Эдуардовна,9,11а,4,Акиярова_АЭ.,U97FwYOm
438,Милина Алена Петровна,359,8г,3,Милина_АП.,pPrpFP2n
439,Воловин Борис Викторович,350,7т,2,Воловин_БВ.,Cp2DJvqo
440,Туморина Ксения Федоровна,133,8б,5,Туморина_КФ.,fbTXCojg
441,Желейков Вячеслав Яковлевич,199,8г,3,Желейков_ВЯ.,jJy0WFng
442,Шишорнина Екатерина Алексеевна,183,8т,3,Шишорнина_ЕА.,IRPTcjIn
443,Юумогулова Виолетта Игоревна,311,10х,3,Юумогулова_ВИ.,zOvRRleg
444,Рецков Денис Денисович,85,10д,2,Рецков_ДД.,EsVWqboK
445,Химунина Елизавета Ивановна,392,7д,2,Химунина_ЕИ.,1ralsx5K
446,Кобрянов Александр Алексиевич,455,7т,2,Кобрянов_АА.,e26Addjw
447,Бирылов Тарас Данилович,243,11а,3,Бирылов_ТД.,DEdxedF8
448,Туфатулин Ярослав Леонидович,485,8х,4,Туфатулин_ЯЛ.,II2TWYom
449,Долбишев Николай Аркадиевич,292,10б,5,Долбишев_НА.,LDSu89Z8
450,Махтумова Алёна Эдуардовна,186,10б,4,Махтумова_АЭ.,2V7tm3De
451,Нарзаркин Алексей Романович,423,10т,2,Нарзаркин_АР.,EdbUMDA4
452,Куранина Алена Леонидовна,196,9б,4,Куранина_АЛ.,LoV2nhII
453,Ситюков Аркадий Евгеньевич,32,10в,3,Ситюков_АЕ.,6jrjjFsh
454,Мизюрова Алиса Никитична,176,7г,4,Мизюрова_АН.,TPnMJ9l6
455,Пандурова Алиса Дмитриевна,130,9б,2,Пандурова_АД.,ihCnubF8
456,Жилейкин Борис Тимофеевич,91,7в,2,Жилейкин_БТ.,GNuKUOuv
457,Корпункова Виолетта Сергеевна,83,11а,3,Корпункова_ВС.,DkLrUfVE
458,Пашохонова Анастасия Федоровна,467,9в,4,Пашохонова_АФ.,Mj8gb7sG
459,Сузальцева Тамара Михайловна,357,8х,4,Сузальцева_ТМ.,KavGPUmL
460,Чиличкина Светлана Яковлевна,5,8в,5,Чиличкина_СЯ.,YYJGEzSX
461,Шантыкова Карина Максимовна,198,10д,3,Шантыкова_КМ.,53HeqBpy
462,Недосекин Владислав Яковлевич,457,10а,4,Недосекин_ВЯ.,ibC7HagN
463,Максимкин Федор Фёдорович,172,10г,2,Максимкин_ФФ.,1PUsVCGA
464,Матбиюшина Виктория Игоревна,237,8д,2,Матбиюшина_ВИ.,mkeacrPt
465,Шишкунов Герасим Юрьевич,110,8т,4,Шишкунов_ГЮ.,Y1TeKLnU
466,Сухинин Георгий Алексиевич,475,10х,4,Сухинин_ГА.,n7ZKPXZ5
467,Бисеева Полина Романовна,48,7д,5,Бисеева_ПР.,JbU1Guwb
468,Жукулов Михаил Денисович,60,11г,3,Жукулов_МД.,iFPEBKKR
469,Тоняев Герасим Петрович,378,9т,5,Тоняев_ГП.,D8SmU6xq
470,Шушенкова Алёна Олеговна,36,7и,2,Шушенкова_АО.,WkaBu8gK
471,Разроев Дмитрий Павлович,59,9а,2,Разроев_ДП.,Di0EwXLF
472,Баззаев Анатолий Данилович,339,9д,2,Баззаев_АД.,5WbEXTIN
473,Цекова Алла Олеговна,50,8д,2,Цекова_АО.,bp0LItcH
474,Аборонова Алиса Алексеевна,444,7г,5,Аборонова_АА.,ZuId7SE1
475,Ягловская Ева Олеговна,181,8в,4,Ягловская_ЕО.,6iMkFcZZ
476,Шароварова Яна Романовна,175,8а,4,Шароварова_ЯР.,ex2S7INl
477,Общев Яков Викторович,466,8а,4,Общев_ЯВ.,UM5bKuzk
478,Ойзерская Катерина Эдуардовна,120,7х,2,Ойзерская_КЭ.,OtxbWdDe
479,Прусский Ярослав Иванович,479,11б,2,Прусский_ЯИ.,B0irGVBE
480,Лабинов Павел Алексеевич,272,7б,5,Лабинов_ПА.,PsLiQZfd
481,Покровов Эдуард Павлович,312,8б,2,Покровов_ЭП.,qxsvD7FU
482,Мачехин Эдуард Данилович,19,7д,3,Мачехин_ЭД.,1yyJLwuv
483,Кодорская Раиса Ивановна,27,11б,3,Кодорская_РИ.,cY0pPNHY
484,Кондраева Марина Ивановна,469,9д,3,Кондраева_МИ.,vw8KYh1H
485,Бульенков Валентин Иванович,136,10т,4,Бульенков_ВИ.,06g6IEus
486,Тагакова Вероника Яковлевна,393,8т,4,Тагакова_ВЯ.,XsxffTLg
487,Гершанова Любовь Евгеньевна,383,11т,5,Гершанова_ЛЕ.,vWeHw9D8
488,Салина Алена Егоровна,73,11в,5,Салина_АЕ.,e3cYylqE
489,Фрумова Зинаида Аркадьевна,78,8а,4,Фрумова_ЗА.,VXrksmme
490,Хорняков Борис Борисович,13,8г,2,Хорняков_ББ.,quecc7cv
491,Гдагазина Лиза Василевна,212,9т,5,Гдагазина_ЛВ.,EkMczchg
492,Агаршев Ярослав Михаилович,276,9т,2,Агаршев_ЯМ.,774GTycP
493,Корюшин Пётр Антонович,326,8х,2,Корюшин_ПА.,rsWTVjWg
494,Калаев Пётр Алексиевич,68,8а,3,Калаев_ПА.,6qIMIS0c
495,Ккаталкина Виолетта Егоровна,53,7б,2,Ккаталкина_ВЕ.,Fbuw76BJ
496,Рачнов Герасим Алексеевич,103,10а,5,Рачнов_ГА.,pGMoZVNl
497,Миндубаева Людмила Леонидовна,477,11и,2,Миндубаева_ЛЛ.,GqE90RqG
498,Агафьева Вера Ивановна,352,11х,3,Агафьева_ВИ.,GbsPu5Ac
499,Житин Эдуард Адамович,481,9а,5,Житин_ЭА.,7F5ZqrkG
